<?xml version="1.0" encoding="UTF-8"?>

<configuration>

    <define name="folderName" class="com.tp.bpmutils.common.config.LogFolderDefiner"/>
    <springProperty scope="context" name="loggerRootLevel" source="loggerRootLevel"/>

    <property name="LOGGER_PATH" value="logs/bpmutils" />
    <property name="FILE_NAME_PATTERN" value="%d{yyyy-MM-dd}.log" />
    <property name="FILE_NAME_PATTERN_GZ" value="%d{yyyy-MM-dd}_%i.log.gz" />
    <property name="LOG_PATTERN" value="%d{HH:mm:ss} %level %logger[%M:%L] - %msg%n" />
    <property name="LOG_PATTERN_MAINTENANCE" value="%d{yyyy-MM-dd HH:mm:ss.SSS} [%thread] [%-5level] [%c:%L] - %msg%n" />

    <appender name="CONSOLE" class="ch.qos.logback.core.ConsoleAppender">
        <encoder>
            <pattern>${LOG_PATTERN_MAINTENANCE}</pattern>
        </encoder>
    </appender>

    <appender name="WEB_FILE" class="ch.qos.logback.core.rolling.RollingFileAppender">
        <!--<file>${LOGGER_PATH}/weblog/web.log</file-->
        <file>${LOGGER_PATH}/${folderName}/web.log</file>
        <rollingPolicy class="ch.qos.logback.core.rolling.TimeBasedRollingPolicy">
            <fileNamePattern>${LOGGER_PATH}/${folderName}/web_${FILE_NAME_PATTERN}</fileNamePattern>
            <maxHistory>30</maxHistory>
            <cleanHistoryOnStart>true</cleanHistoryOnStart>
        </rollingPolicy>
        <encoder>
            <pattern>${LOG_PATTERN_MAINTENANCE}</pattern>
            <charset>UTF-8</charset>
        </encoder>
    </appender>

    <logger name="org.activiti.engine.impl.persistence.entity" level="error"/>

    <root level="${loggerRootLevel}">
        <appender-ref ref="CONSOLE" />
        <appender-ref ref="WEB_FILE" />
    </root>
</configuration>