<?xml version="1.0" encoding="UTF-8"?>
<!DOCTYPE mapper PUBLIC "-//mybatis.org//DTD Mapper 3.0//EN" "http://mybatis.org/dtd/mybatis-3-mapper.dtd">
<mapper namespace="com.tp.bpmutils.activiti.mybatis.mapper.ActRuTaskMapper">

    <resultMap id="ActivitiTaskVo" type="com.tp.bpmutils.activiti.vo.ActivitiTaskVo">
        <result column="task_id" jdbcType="VARCHAR" property="taskId"/>
        <result column="task_name" jdbcType="VARCHAR" property="taskName"/>
        <result column="task_def_key" jdbcType="VARCHAR" property="taskDefKey"/>
        <result column="proc_def_id" jdbcType="VARCHAR" property="processDefinitionId"/>
        <result column="process_instance_id" jdbcType="VARCHAR" property="processInstanceId"/>
        <result column="assignee" jdbcType="VARCHAR" property="assignee"/>
        <result column="create_time" jdbcType="TIMESTAMP" property="createTime"/>
        <result column="group_id" jdbcType="VARCHAR" property="candidateGroup"/>
        <result column="user_id" jdbcType="VARCHAR" property="candidateUser"/>
        <result column="main_proc_inst_id" jdbcType="VARCHAR" property="mainProcInstId"/>
        <result column="main_proc_def_id" jdbcType="VARCHAR" property="mainProcDefId"/>
        <result column="source_proc_inst_id" jdbcType="VARCHAR" property="sourceProcInstId"/>
        <result column="source_proc_def_id" jdbcType="VARCHAR" property="sourceProcDefId"/>
    </resultMap>

    <select id="getTodoList" parameterType="map" resultMap="ActivitiTaskVo">
        SELECT
        RES.id_ task_id,
        RES.name_ task_name,
        RES.task_def_key_ task_def_key,
        RES.proc_def_id_ proc_def_id,
        RES.proc_inst_id_ process_instance_id,
        RES.assignee_ assignee,
        RES.create_time_ create_time,
        I.group_id_ group_id,
        I.user_id_ user_id,
        BPM.main_proc_inst_id main_proc_inst_id,
        BPM.main_proc_def_id main_proc_def_id,
        BPM.source_proc_inst_id source_proc_inst_id,
        BPM.source_proc_def_id source_proc_def_id
        FROM
        ACT_RU_TASK RES
        LEFT JOIN ACT_RU_IDENTITYLINK I ON I.TASK_ID_ = RES.ID_
        LEFT JOIN BPM_PROCINST_INFO BPM ON BPM.proc_inst_id = RES.proc_inst_id_
        WHERE
        1 = 1
        <choose>
            <when test="null != empCodes and empCodes.size > 0">
                AND RES.ASSIGNEE_ in
                <foreach collection="empCodes" item="empCode" open="(" separator="," close=")">
                    #{empCode}
                </foreach>
                <trim prefix="OR (" suffix=")">
                    RES.ASSIGNEE_ IS NULL
                    <trim prefix="AND (" suffix=")">
                        I.USER_ID_ IN
                        <foreach collection="empCodes" item="empCode" open="(" separator="," close=")">
                            #{empCode}
                        </foreach>
                        <if test="null != candidateGroups and candidateGroups.size > 0">
                            <trim prefix="OR (" suffix=")">
                                <foreach collection="candidateGroups" item="group" open="(" separator="or" close=")">
                                    I.GROUP_ID_ LIKE #{group}
                                </foreach>
                            </trim>
                        </if>
                    </trim>
                </trim>
            </when>
            <when test="null == empCodes or empCodes.size == 0">
                AND RES.ASSIGNEE_ IS NULL
                AND I.TYPE_ = 'candidate'
                <trim prefix="AND (" suffix=")">
                <foreach collection="candidateGroups" item="group" open="(" separator="or" close=")">
                    I.GROUP_ID_ LIKE #{group}
                </foreach>
                </trim>
            </when>
        </choose>
    </select>
</mapper>
